l1,b,t,x,a,func,time
23.796462709189136,11.019352880494488,4.335532436842718,2.882764157766311,3.0,0.2083838066355599,0.23447823524475098
54.42292252959518,27.634048072225646,5.412062833054428,1.0492233108281734,1.0,0.17348708369208726,0.5544090270996094
36.99551665480792,0.634116229139603,0.42531504503555806,7.593784905116596,2.0,0.2947586869587443,0.015257120132446289
60.39200385961945,89.86283429088706,6.892213001423867,9.685665901169953,4.0,1.0547506376361143e-14,1.651263952255249
62.572030410805404,65.97340220741576,1.8760422341876826,0.16162021525433,1.0,0.46859335130824875,0.29531192779541016
6.552885923981311,51.90031410979284,3.2535605111268326,9.07905246343391,1.0,-9.992007221626409e-16,0.09813594818115234
1.3167991554874137,139.4324334129032,2.1307907088319613,8.377768934071971,1.0,-3.3306690738754696e-16,0.03821992874145508
83.746908209646,2.239793767108955,3.600045009695868,5.3029688370640375,4.0,0.43711399868710105,2.917343854904175
25.935401432800763,103.44298565809706,8.557407673876478,6.486946331439771,3.0,-7.061018436615989e-14,0.8989510536193848
23.433096104669637,110.33135712206067,5.8737011817716835,3.183412063901435,4.0,1.531326711543285e-09,0.24729180335998535
99.56448355104628,108.85587392759223,8.233711162519265,6.1784702028311465,2.0,7.438677675912906e-15,3.031132936477661
47.026350752244795,76.02615168630487,0.887660944242703,4.694444417244577,2.0,-2.220446049250313e-16,0.05949521064758301
83.64614512743887,132.3964180498364,1.6577711292081998,1.9532688995020142,3.0,8.099517403357359e-09,0.3330070972442627
47.635320869933494,15.423052637553852,9.043863735404651,9.347292645415168,1.0,3.0673058997577063e-06,0.3790597915649414
63.906814054416195,71.8705658965042,1.6568305221930324,3.2676010082797813,5.0,6.165875343831255e-05,0.2827150821685791
15.061642402352394,107.72605295535655,0.49180533012691763,9.266831686838927,5.0,3.219646771412954e-15,0.15448999404907227
63.486065828518846,145.12317906917326,7.721577155934472,3.3075704198465927,1.0,-4.884981308350689e-15,0.39900994300842285
86.80453071432967,21.157243228635846,3.1380604613365923,5.223223610540918,3.0,0.03121980338510645,1.332792043685913
52.31812103833013,126.77978992309811,7.148570941329709,6.906654959656971,2.0,-4.596323321948148e-14,0.7623212337493896
74.12518562014903,129.58702477721562,4.020669637611348,1.2812648144688021,3.0,0.005486476251088354,1.7606441974639893
67.14114753695925,23.656244743992303,5.101008959668421,3.47272873922146,3.0,0.11280211819961392,2.186551094055176
6.403143822699731,100.40795841851228,9.956011980608872,8.909075715961357,3.0,1.0880185641326534e-14,0.17857074737548828
75.82302462868174,56.08353687867369,7.317843685005963,9.649039399462861,5.0,2.835890141363117e-05,9.393487691879272
59.10995829313176,135.12359243637084,6.42077505246542,3.8218668611162867,2.0,7.771561630172597e-15,0.7028210163116455
30.126765951571233,68.3120398809229,4.584613504684311,7.48953745590618,4.0,-1.3094086456417993e-14,0.26741814613342285
3.1011751469749993,96.10017228937748,7.600110582720278,6.571052578206463,3.0,2.55351295663786e-15,0.09220290184020996
86.55272369789456,21.98554424998286,8.652892204080892,5.659680241450128,1.0,0.0011773421309052134,0.8745627403259277
47.27490886654668,34.93013962215392,6.987471048752778,5.712011013006433,2.0,1.5418587522644813e-05,0.5383601188659668
71.88239240658031,45.03379449496174,3.2432806497758526,2.120875104055667,3.0,0.04561099404240124,1.062870979309082
87.88128002554816,137.661183894472,7.513242943216534,0.7761750602023321,1.0,0.005448261353802644,0.8801002502441406
71.41294836112026,116.994711091757,4.234521625545033,1.779981129950432,4.0,0.006356763326592071,1.2319140434265137
92.10986675838745,109.38846063465766,9.834184448937265,5.459843646233748,1.0,4.030109579389318e-14,0.44598889350891113
39.496340400074395,58.343948154897504,9.731108889531203,5.107967526620722,4.0,0.0006757513145084222,1.7039337158203125
80.09087709852282,108.10008842573579,9.632809361825567,1.92035649290763,2.0,0.0023960157294075544,3.3640568256378174
44.46210560507606,68.26786681355838,1.1643664121687392,5.514629184669903,4.0,1.021405508635712e-14,0.0901951789855957
93.55867217045211,121.96709881221666,2.201070675528236,1.1124942432433471,1.0,4.4690137029415796e-09,0.24349498748779297
87.88666603380416,122.72825671256004,8.535071669751751,2.237263511823837,5.0,0.04437128352467426,27.754266023635864
9.745430973087721,130.94337230391497,0.9954830624924016,1.9907836929724443,2.0,-7.771561172376096e-16,0.022072792053222656
13.59688602006689,78.36736970113158,4.84660216080822,2.148757602580452,5.0,0.0004560870568736403,0.16884684562683105
21.698694123313732,2.5536261750712494,3.0492717054314857,6.839065915798947,5.0,0.34706983180620793,0.206312894821167
96.5480138898203,146.0985572249234,6.417059652312798,0.4799109847284788,1.0,0.06155034103096229,0.8794710636138916
43.616186662742926,61.61312178540507,5.124383540136237,3.311551441381133,1.0,-9.087599102124534e-15,0.2572669982910156
62.6648290866804,25.775508086431252,1.7353758784373274,9.819381284840473,2.0,1.4781064991815545e-14,0.09068179130554199
30.10261984255054,133.8635144978362,6.815110953295305,7.923903569060303,3.0,-3.9968028886505635e-14,0.8550488948822021
50.72429838290595,121.24223006536494,8.432312131346615,9.52716530420228,5.0,-1.3122835943719553e-13,6.222264766693115
38.58662588449025,147.20314825268068,2.4799320567071126,2.248347138381741,1.0,1.1102230246251565e-15,0.16829490661621094
35.091048877018004,138.3512515520804,9.649480033120108,8.110878051207353,1.0,-2.930988785010413e-14,0.3332810401916504
58.50741074053635,9.631563433566948,8.35584711322317,8.321083203676547,2.0,0.07695080332233911,1.275691032409668
58.425179297019895,117.42094729834358,9.51328487800436,7.092496879864589,2.0,2.4424906541753444e-14,1.43162202835083
90.4201770847775,32.18049461780958,5.618188450751655,2.160540468435015,2.0,0.12312485756896707,1.4526190757751465
68.19821366349666,94.03562338854775,8.752923119040187,6.070276471035749,3.0,1.4101415918625907e-10,5.114736080169678
92.8945601200017,107.31154624625138,6.355037010095699,5.578818428833796,4.0,8.767361355360667e-08,3.212920665740967
85.64005663967556,93.11299539183487,4.019543975089153,7.704049946911967,5.0,2.7318391974467107e-11,3.794300079345703
99.09896448688151,31.18563554922631,5.85504760461947,9.693275332585191,5.0,0.012780980864984227,13.925774097442627
67.12735421625182,77.04947299159033,0.7820435526017055,4.441670356171956,4.0,-1.9964018818977788e-15,0.08876895904541016
16.309962197106977,149.92891931627565,7.187601659535547,1.54208842138999,4.0,1.5567194137216775e-05,0.15296101570129395
86.06375331162683,106.2409210401605,1.368514483874853,7.06513694681912,1.0,-4.440892098500626e-15,0.17796707153320312
96.46329473090614,149.05093913992354,9.20411957584301,3.9707495493826848,1.0,3.186340080674199e-14,0.4683680534362793
90.46959845122366,3.6299385477530755,7.898051061264331,0.8782229203506509,1.0,0.47926893198261106,1.9407849311828613
56.91075034743235,8.016249527426627,2.752123024880709,4.627063130725252,1.0,0.024892293531214853,0.3321988582611084
71.38170201741993,116.57448850249625,0.33377137288700287,1.5292259000381114,3.0,4.0254651127128464e-13,0.02709197998046875
21.11249836755983,40.11619643674094,1.4177248815126986,7.546436808135462,3.0,1.1102230246255985e-16,0.07807111740112305
83.16079302733542,37.87406163251563,5.345901003638537,4.136482348042165,4.0,0.055598173550634455,2.431881904602051
57.35323523512847,108.33193288883639,1.5352155382789168,5.504067150566198,1.0,7.771561172376096e-16,0.16341114044189453
28.49574619862052,70.30482139910345,8.519736567004259,3.423130910402128,1.0,7.54961237993037e-15,0.28403687477111816
6.346057714522935,42.61193074306611,3.453451380086874,9.176468992772213,2.0,1.3169465518103607e-12,0.053859710693359375
85.39424884226801,4.334932270643216,4.10470885603986,6.63656744336488,5.0,0.38936299665915497,8.12127685546875
98.98060149215813,19.763364794208783,1.5308691545282416,9.264215305719501,2.0,2.7443861810612284e-08,0.15299773216247559
8.851809310972836,25.267167027337774,6.181422760842661,5.847684205068088,5.0,0.0005749556333190992,0.19452500343322754
80.0595321257502,63.499283207618966,6.527577515652704,8.209420957764875,3.0,3.59965966115215e-10,3.9178431034088135
41.046182734590886,80.38995092343731,5.213800433536724,4.396447204903194,3.0,1.7404184172277566e-10,0.7248399257659912
15.076537445280957,0.7806995854974297,1.1545252140845397,0.3139458027080533,5.0,0.479664848305967,0.15332317352294922
29.38912468190622,10.877192955259417,8.229642286676862,4.560037516144431,5.0,0.297032144252224,2.4123106002807617
76.87918872773446,86.59296123557743,4.450876508604359,1.6293283154142213,3.0,0.021075906201459733,2.2455508708953857
87.27670246282014,36.55227775285465,8.841491734799716,3.448162556060571,1.0,0.0013438882840716994,0.9660789966583252
4.419006112954338,12.91371936331956,8.39428497547818,9.224164569450501,5.0,0.0008527093500073787,0.03818321228027344
61.453252853180864,6.887665355757577,9.605583239247649,5.9044867647654575,1.0,0.13210744202171143,0.833791971206665
4.49402434960362,67.01592251523087,7.3893769576047195,9.409734309583062,4.0,7.771561172376096e-16,0.08581376075744629
71.84404774485162,3.710342527965449,0.8852531282669385,1.140101167984271,3.0,0.4345995839087718,0.22747588157653809
33.09541460190075,60.718121250251315,4.228869444764571,9.291923420288292,1.0,9.2148511043888e-15,0.18039321899414062
88.0905307247358,19.087520562697907,0.2709057441329521,5.920484669144623,5.0,0.00011322701190095329,0.032919883728027344
98.06357568433395,93.27792251042949,6.642054839961055,0.4217421216187034,4.0,0.44688517810565553,12.24319577217102
50.5420373648044,133.01561346037448,6.251182562680487,2.9859388288134614,2.0,6.543566174031926e-16,0.5169169902801514
99.85089453757764,58.62507306324464,7.608829711839279,2.3580730131310865,2.0,0.027941421561056848,3.216947078704834
30.9670053476339,44.25816796334546,3.6122488726637436,8.110643294436118,1.0,-1.9984014443252818e-15,0.16913890838623047
7.69707047054119,67.71269330473795,8.419113354943178,4.77068522176311,1.0,4.3298697960381105e-15,0.1486971378326416
59.976280879660074,25.5136808847178,8.400262951885637,6.264517537182065,1.0,1.7490567867873856e-06,0.3866000175476074
3.1377762175317736,50.38968425156285,1.101647318244272,1.0294416332685719,1.0,3.668444729691327e-15,0.016546964645385742
19.73848564284194,83.75144409655363,9.42232135625758,1.2605994978244572,2.0,0.003845862845653509,0.2953329086303711
40.79361356169908,81.3243989251315,2.3000839351064717,7.776524945861306,2.0,7.882583474838611e-15,0.09684300422668457
61.04671229673415,16.427991354094836,1.4396253063062703,7.156050376541819,5.0,0.014441200728651881,0.35957813262939453
15.619899101356472,14.633002176938136,3.4055177269707917,6.962733655424394,1.0,1.7176147653422572e-13,0.1363668441772461
4.243582472120422,111.3143455290163,7.8673899511010115,6.741543635174479,4.0,-3.1086244689504383e-15,0.08523893356323242
86.77790339277223,123.26467616366213,6.522226773377298,9.99764667796685,5.0,-1.865172843441248e-13,10.86068606376648
31.383051991609168,59.20900902597241,5.92678445863822,9.839867635639157,3.0,-2.331468351710257e-14,0.6398608684539795
95.8659426408455,2.865110527408193,6.996297290330649,2.4134794294784925,1.0,0.43221836243850836,1.6447029113769531
89.66596414276016,43.6955721762701,3.1324039566190565,3.746724641977722,1.0,5.833771282500061e-10,0.25536680221557617
37.77892394121827,86.91298854967629,0.9902437515590479,1.8758463555179405,5.0,1.2285016925240559e-05,0.04512190818786621
46.040963284590475,68.72708117545798,2.4308660456254616,8.509180645421782,5.0,3.752603680032757e-14,0.3965301513671875
52.00729845925639,27.97725814646805,1.776115690594341,1.4005513663592073,5.0,0.2482810880047992,0.42957401275634766
64.38887183877269,12.69309216983392,4.024247549406415,7.238498872738122,5.0,0.1545572496339196,2.749403953552246
59.56502384019705,73.26212729436567,5.672070378470382,4.462573536202099,4.0,8.736443700666954e-05,1.0228378772735596
55.92610620153905,104.53797989639723,5.060409089321622,9.389664628720759,4.0,-8.215650382226158e-14,0.9678997993469238
62.0126135445262,13.553642131654176,9.991924913369827,2.7908323885533526,1.0,0.17135179737449588,0.841519832611084
94.06212554239633,29.74510879905582,8.381975765255925,6.446503209351282,1.0,3.0038531585333807e-06,0.41709113121032715
50.70268159456598,143.73714792276107,7.136256277337,2.2300646746786756,3.0,3.684699428124849e-06,1.7621090412139893
43.119155343093276,126.93946025484837,4.634145359484586,4.247655457647495,3.0,-8.215650322588336e-14,0.6664340496063232
72.03112521441383,110.04441723945207,5.9898334846743495,3.531320930193483,2.0,1.9217356876619075e-12,0.8356459140777588
23.763561946478408,72.94324029753051,3.9264237144777967,8.094535528258643,4.0,5.551115123125859e-15,0.16181087493896484
30.10868611741494,73.59544907521317,9.893930083641031,8.415851300619275,3.0,-6.195043483323601e-14,1.6302270889282227
97.77973164486353,27.223441610776632,8.142187585434115,7.702003866698714,5.0,0.09321062709265497,33.39883804321289
52.1127293281206,102.76484036851244,9.883230087506375,4.961871055931757,2.0,3.211168210522209e-14,1.1910128593444824
54.84304676868622,29.599663219074124,9.447613639780371,8.637433795627029,3.0,0.0009568832866241681,4.27361798286438
1.145748636421906,43.477298623074276,7.780266357701763,0.0926610829864527,3.0,3.7427553551221964,0.05083608627319336
41.5210343803882,76.30135674264244,9.41672768276199,5.400798939144112,4.0,6.075171169445824e-06,1.318343162536621
57.99652137970656,31.368914445081103,4.512086140494863,6.134918581139733,5.0,0.018444552491906862,2.892638921737671
2.0052890304599336,78.77626811837489,4.978370337210897,2.1045638754101423,2.0,3.3306690738759316e-16,0.019933223724365234
61.57979413062568,65.14482154089765,3.7566034622117153,7.012056453260385,5.0,1.66925684639145e-07,1.7669329643249512
63.21805352961154,134.53521783701137,8.349559767607916,4.542502450556412,4.0,1.1782184174998143e-08,2.4421510696411133
6.008051062772301,34.82047301775473,0.8370643514347487,9.218739320024273,2.0,-5.551115123125783e-16,0.020978927612304688
62.7341109010956,23.159523207984112,9.56809273798182,1.2597508813342173,2.0,0.36631731835807174,1.9705629348754883
46.62504296967078,0.45706527205885417,1.1446827300910278,1.9883884413981634,4.0,0.47782189654486484,0.15008306503295898
67.92813980381086,86.33695707315981,0.9158242581253051,0.5137828277368273,1.0,0.000480800292883785,0.13674092292785645
35.257698304104736,73.81265495590665,8.651641749939868,9.846279964662482,5.0,1.3899784836106321e-12,3.216543197631836
70.6950249365899,0.7990649139602957,1.681958053330529,9.10435349151034,5.0,0.4449161443053565,0.5342929363250732
73.80342892520343,62.2473156711318,2.9771886585671945,7.3762490745928115,5.0,7.503427088437529e-08,1.5908968448638916
2.218246899080989,94.21122256501475,5.683549053184647,1.8111078199808517,1.0,-1.1102230246251565e-16,0.03368878364562988
6.057680364579731,85.6977146591597,7.364915920874414,3.794588899593986,4.0,-4.4310994046053714e-15,0.07475495338439941
67.60203094873768,12.935844979300454,8.99627781416498,6.934904262420668,4.0,0.21678219195134657,4.191472768783569
96.33055803862574,116.87878972444845,4.848720306909215,9.462606767704898,1.0,8.326672684688674e-15,0.3996138572692871
25.112227818347023,93.78922456479701,9.153473555232157,1.3002889302691267,5.0,0.12488279397706656,2.402622938156128
45.63121296363792,39.480795346707495,8.569129439868393,4.893537414829212,1.0,3.881803059909079e-10,0.3666200637817383
59.267187566648914,50.178105104088054,4.212399281850553,4.012417513330414,1.0,3.278865544212463e-14,0.28003525733947754
32.00253857480065,60.794134815196564,9.719452944277592,5.646524369550239,5.0,0.000413599917631827,3.4475789070129395
36.39550893399569,17.122985017671105,1.4001978417411831,4.135186437446046,4.0,0.019097139968795314,0.1049489974975586
31.26706611969108,45.8802063855189,0.6557900477358558,3.393719867782229,5.0,1.5761600419850642e-07,0.036514997482299805
36.915397527695404,93.71962142209743,5.077795919771214,3.514344238704207,2.0,2.17742279531672e-14,0.22675800323486328
59.56215058575365,8.879927018975597,6.588906275440914,3.6997216158632105,3.0,0.327888120642321,2.7908830642700195
30.040397336558932,122.63287564729167,4.274220213400209,0.13966539520068544,3.0,0.7472205456984814,0.5562140941619873
37.716034132891686,48.41424867100188,6.043688758961413,7.2673479034125466,5.0,3.2579121956333854e-05,1.6879839897155762
77.2273412444121,105.09192256616787,2.5332030619870194,9.812715220479358,5.0,-3.1530333899354446e-14,1.632714033126831
2.692120500933004,5.0370147060753325,7.435743477025692,0.3559800557455295,2.0,0.7535755468905111,0.07048487663269043
56.92580020705822,117.34519347600077,7.258808928811619,4.572880193384343,3.0,1.3553120447687805e-12,2.461733341217041
73.51731816785096,80.78710112742338,1.7556182877058757,2.3757124883757386,2.0,9.823334007349565e-10,0.09729313850402832
31.001669541009303,119.68152877848811,8.05095903903201,8.279684933676076,2.0,1.432187701766452e-14,0.37447381019592285
22.2537842793191,124.41668311440863,9.729266050162979,5.200051962830507,1.0,8.326672684688674e-15,0.2677340507507324
80.38076703949133,101.96172731128799,4.041016264495326,7.030424252406924,5.0,9.048003520447622e-12,3.560270309448242
23.869517689784193,72.63412551722278,0.5011494068919398,9.219436107230633,5.0,-1.1102230246251565e-15,0.14220070838928223
18.739434091794195,24.277378336427475,8.73665616317132,5.880064756806419,5.0,0.028993900650547855,0.9972071647644043
43.52343205328209,111.59074763184871,9.762294506978538,0.12977509546096444,3.0,0.7624715100304698,8.133232831954956
69.80664066748498,91.94182299387145,8.394702269995014,7.658028017205645,1.0,1.7985612998927536e-14,0.40593814849853516
10.184169263187147,89.243085089018,4.697443243066626,8.56112864919401,5.0,6.8833827526759706e-15,0.2036740779876709
32.196598462126445,25.75997128669949,7.784988649677463,4.901083604068627,3.0,0.015580518333981587,1.1656508445739746
33.375365044867536,56.55293606465465,9.252702181912142,0.8358983857704794,1.0,0.08135506913550215,0.560593843460083
83.35388915573088,105.10874881566514,4.794195781991678,7.177439477525285,5.0,6.22371856426084e-11,5.598426103591919
43.843073256138695,19.013885616740865,9.892526066144631,8.764310806035507,5.0,0.07970370869091355,7.7798051834106445
85.55351939848865,140.60079608459702,5.434524627206767,8.018403736408581,2.0,-1.3322676295501878e-14,1.1210200786590576
16.928423255643498,74.42120897401033,0.7121882655699829,1.7895962857835335,5.0,5.0143489430549926e-08,0.0371241569519043
33.671023504488076,13.562707405659186,1.0543105031254585,1.9838248342210907,1.0,0.003328105546309186,0.11014795303344727
65.02323762924948,27.680695791874264,3.3373389156000433,4.457159449029184,5.0,0.07068648366948892,1.8842508792877197
88.48982719212887,148.75730740603774,9.568365303636368,6.689316895897273,1.0,1.0325074129013956e-14,0.46177220344543457
45.11021842852225,28.683240168548007,3.507177941656212,7.235276781385192,1.0,3.663739488481628e-15,0.17634296417236328
22.50278427228848,112.69443375763134,4.949023852885141,7.320963324181742,2.0,-7.771561172376096e-15,0.11777901649475098
12.091932471028644,62.55572903230005,1.8075216357245283,5.145095523482215,5.0,-1.3186185474961144e-10,0.04217791557312012
52.962762830839324,121.38902686023266,6.851760787812882,8.836179945743716,4.0,4.685141163918162e-14,1.4008169174194336
19.08038058514959,38.474474772177025,8.522105255723545,0.8154244507259112,3.0,0.3868996105497522,0.5852532386779785
80.67772376254574,131.9371587491066,3.936673742215533,3.637278730769405,5.0,1.934835621838523e-06,3.0479891300201416
83.84763790282256,15.504198955747844,4.288745524937502,0.5177734630732833,4.0,0.4783879625797644,3.9078621864318848
18.358631330525576,28.592587936659903,4.968392022600097,3.2336945445850827,2.0,0.0002462004870753098,0.10985088348388672
27.859214201651262,18.191340505954784,5.197714559397006,0.9480614974681167,5.0,0.43973940717576976,1.3259649276733398
80.72264181669536,114.8180605486817,9.470931172965644,9.463898722457436,2.0,-7.66053886991358e-14,2.8955140113830566
64.19372564966531,17.55240429034813,5.780932827496324,5.4655688263107995,4.0,0.1420801523181383,1.7050330638885498
80.6257841135055,132.78416758516303,4.158092428147077,5.300313620661383,5.0,3.9050753704996076e-11,3.4394171237945557
34.52828048875983,139.28860625931833,6.112554985924228,9.7456550085747,2.0,-6.661338147750939e-16,0.2981240749359131
12.96891377961068,55.03634336140482,8.695210567191872,6.962799916276435,1.0,-2.886579864025407e-15,0.16853713989257812
29.194289087055335,85.0125697986645,1.70765710696537,0.11130254321135458,1.0,0.5972589505901099,0.1858689785003662
79.38619244841648,127.6016608123215,7.825451221051207,5.416162013944192,5.0,7.20100473950139e-07,12.228799104690552
27.11744939142524,129.65657068909678,7.351750544724464,1.6846174421471394,5.0,0.005966622924612849,1.6383121013641357
34.63542806668535,26.76237272515309,9.357751722148212,1.1173764186306712,3.0,0.39017338947343455,3.468716859817505
41.69056958734896,128.89618338427914,0.24440173562949363,4.194570969878058,1.0,-2.220446049250313e-16,0.07007002830505371
41.97711837912519,102.86690357672457,2.2253552768269316,4.363193789610529,5.0,1.4770493178921168e-13,0.28891801834106445
40.95221164490599,54.721713351443455,9.107854802097702,5.4017124824958795,5.0,0.004029038641310244,5.872162103652954
92.06123829876306,66.974140316345,2.3668075056757565,6.222684828383306,5.0,7.400310741817845e-07,1.5423760414123535
15.599785893835916,111.98556491176858,2.4466616973375697,3.3140233461466506,3.0,-1.7763568394002505e-15,0.0863959789276123
0.466179458314564,91.3912053782464,2.3956143363801887,5.409713185097122,4.0,1.3322676295501878e-15,0.02799201011657715
94.32678359191088,30.11924511682158,2.2772862763357162,4.4739046265071005,4.0,0.023865807491412015,0.6798739433288574
87.9978251626048,141.1943837032291,1.8137672283220219,8.97026434605827,5.0,6.661338147750939e-15,1.1578617095947266
98.69136550287956,125.30509442342256,3.0092394943668754,4.695302262253362,2.0,-2.2648549702353193e-14,0.5334370136260986
43.43523126756511,88.77880129624855,2.3404892099388963,6.233534859497122,1.0,3.6637359812630166e-15,0.18601179122924805
95.01611663830228,129.3254932843285,4.887942484101522,8.596598303266044,2.0,1.3322676295501878e-15,1.1350340843200684
92.73772144113384,44.81617699093892,6.001229005465777,9.259622782207167,3.0,7.048797774263234e-07,4.285393714904785
22.209073627232122,115.01451021998484,0.9064777344967567,4.353975635602847,4.0,-4.80275819114695e-11,0.06762409210205078
74.55230091264191,58.89095151069248,5.792688427447122,1.4636713920742617,2.0,0.06519856435732091,1.0311260223388672
83.66986792786453,147.47758533584434,7.907413750200324,1.5265932039482566,1.0,1.1234288078619923e-08,0.4190201759338379
66.29872005284906,18.895070779716473,1.7262608965663673,8.031331634577558,2.0,1.4274084250418435e-07,0.09198594093322754
51.90149766457534,76.29191870351872,3.4071820577222334,6.108845722369621,4.0,1.2572266489278095e-12,0.29323697090148926
28.90418361415047,105.14196351570547,5.46696308373525,0.31419679165303194,5.0,0.5289003389697464,1.745629072189331
34.106871403533304,12.193590288436173,3.069309064665461,0.9805961529904816,1.0,0.2664388958226854,0.299907922744751
22.74663363511199,72.4375000207082,6.146724529374405,2.9210321225983904,1.0,-3.5527135791042096e-15,0.181304931640625
6.806762410686229,43.538937118060474,8.88005877792305,9.872582228095375,2.0,2.4424906541753444e-15,0.08512282371520996
58.86777190190862,82.52519134314628,3.040705237468393,7.626096897820542,3.0,-2.0650148258027912e-14,0.6085748672485352
28.70111772417747,100.5827000171147,5.200894459645028,2.269384286957382,3.0,7.641376600028207e-07,0.42423486709594727
81.01918790082182,35.5280265089594,4.082753514799275,4.686311280987196,3.0,0.005786438584768354,2.0724480152130127
4.50768100853598,49.087377720261685,4.767822382473098,3.7247132675198835,3.0,3.399221008016525e-12,0.026027917861938477
90.36092818003421,54.43783407202954,8.698727382483082,8.645221514230194,5.0,0.0014839218532079314,30.40538787841797
69.37056072972548,90.83082792661743,5.9565232499842,5.638868181718548,4.0,6.128960461323009e-08,1.5705571174621582
92.38547995572421,97.08984528719967,9.11293755048988,9.261506678824748,2.0,9.392486788328824e-14,2.972095012664795
89.65671649840485,49.36984367674573,2.3326372349699476,5.257909733527672,2.0,3.475479394556873e-11,0.20167922973632812
89.9674836023798,38.24886039947341,8.797447766583625,3.7315174845161514,5.0,0.19159081638464104,34.190240144729614
57.69534040194515,44.52608821358795,9.793514473485326,3.3475895244246336,5.0,0.1456848033436853,13.595144033432007
1.3144496687112928,91.49724328437166,2.2811835820516957,1.3808096009413706,2.0,3.33066907387558e-16,0.01812005043029785
74.52982673109616,80.480420257887,3.499975127785219,2.249277712273292,5.0,0.02692914951689951,2.8844010829925537
17.182159053673708,69.0964164535582,7.6219391856811205,0.0837067343471043,3.0,0.9935745623905432,1.2432100772857666
29.988806872849317,41.55022269205753,3.815666586805281,4.727652208948562,5.0,0.0009302598299232912,0.46948909759521484
66.28961043048281,117.71059091948385,0.13920222837967233,5.954120059545405,1.0,1.4432899320127035e-15,0.07040905952453613
52.496413541582484,80.53542773867906,0.2094900366760033,1.5174419590882526,3.0,3.4494039674858896e-13,0.024644851684570312
41.37504477295772,23.428236200477297,4.564172481585623,7.975851674429633,5.0,0.008829058059979952,1.5159170627593994
93.90424632510897,72.4099888158952,7.005804651984344,9.820084094244999,2.0,-8.659739591852546e-15,1.9102489948272705
61.21639096259125,143.94392315840273,7.703916658352128,3.4628597611631786,4.0,7.390058336320934e-07,2.119166851043701
34.135265741799515,117.05219871355972,2.081968019456837,5.83671689012572,1.0,-1.3322676295501878e-15,0.16193795204162598
25.247484424703103,1.1789074470859473,2.448468035733491,2.173872286465034,5.0,0.46969714545657615,0.5361728668212891
86.16647164596671,110.4636295117174,7.386689060278097,6.452533196930553,3.0,-1.7493677575933044e-14,5.8041582107543945
47.71974966790632,19.61266676465982,0.2462760019898047,4.267183537705742,4.0,7.019800375543234e-06,0.023175954818725586
78.23251117867837,53.61763676138735,1.4172237360755258,5.102902509971016,1.0,-8.881784197001252e-16,0.17403864860534668
35.1841630196595,0.3748873573360123,4.071966838345467,0.43059598662729015,5.0,0.49292090176462106,2.1996870040893555
19.733367206320928,60.10340521219881,3.6499589849023186,8.706498440095027,3.0,-6.439293542825908e-15,0.17052292823791504
53.4637040552777,22.953114562221565,0.41645336081832074,6.250092533596669,4.0,2.1325531239869703e-08,0.023512840270996094
81.68108472169229,88.09260521652891,1.668529703757684,2.9597262651632628,3.0,4.478163350529023e-09,0.3153700828552246
17.130226075244394,97.78073312311362,7.941708680783709,2.201313546071079,3.0,1.4442905959567798e-06,0.3053572177886963
79.16719188821229,23.000354836668546,1.8757649761069717,9.170238770474263,1.0,-3.774758209991508e-15,0.17412590980529785
92.1766511273632,42.20611955058029,6.011275048511527,0.7556136448494855,3.0,0.39615431741756746,8.99520492553711
80.60510391629137,149.09966071996163,8.421173690208521,6.945792913242643,1.0,-4.551914400963142e-14,0.4514961242675781
82.34987625535808,7.136571053941804,2.8730006205038716,6.338847018285012,3.0,0.20216569313327223,1.0423119068145752
0.7504720147709087,95.9443693786018,8.742068724555985,5.074969490014433,4.0,-1.2212453270876722e-15,0.029403209686279297
62.86072103000827,104.02308726378783,5.1202178028208465,0.2074608230534858,3.0,0.5528058477313178,5.22199010848999
86.25545680543598,86.57449216858826,3.7558198870914206,8.659756237403595,4.0,4.296843939722209e-14,1.0855119228363037
4.993185219532947,66.32575531236941,7.9346488520192295,5.934262194212562,5.0,1.6209609583497912e-14,0.13159513473510742
27.139703369333322,108.2955361066608,7.404862804875476,1.4556020314611307,3.0,0.0023549651867920546,0.7926850318908691
26.858611120349984,77.14055449466656,2.45135690318222,1.5465187885467002,5.0,0.008210688738588061,0.21133208274841309
52.72661784266831,39.790341392649864,9.894776356326007,8.54753648014899,3.0,2.2224154678986653e-05,3.627825975418091
42.29840044004683,133.0198440704634,0.09519538001611538,6.086794476896097,3.0,-1.7763568394002505e-15,0.07583737373352051
47.29000130527925,46.1486723950166,0.30084519366881946,5.944219617594964,5.0,5.107030030688053e-15,0.044516801834106445
77.64976607227774,99.93023414913156,3.3385946913504494,8.972775860983859,4.0,1.2212453270876907e-14,0.8400661945343018
0.18086497263791745,101.19789689035365,1.0011333590964677,0.00990577570068596,5.0,0.5917210655797271,0.01638507843017578
5.48335893097931,138.28726567608194,1.4876562440958163,8.436763160187624,1.0,4.440892098500626e-16,0.0467839241027832
12.686328624326626,78.74892594466952,4.331174541618133,9.711721969688277,5.0,-1.1102230246251565e-15,0.2350602149963379
12.462623454506172,82.95552622032707,4.508439193292263,8.878198707292475,5.0,2.3314683517128287e-15,0.247758150100708
6.841668846318827,65.17125563996883,0.6944405249019425,2.6054071479374996,1.0,-2.220446049250313e-16,0.027137041091918945
97.4692531175994,148.47834702326597,6.598102266763216,9.282537007987445,2.0,9.803269307440132e-14,2.144901752471924
85.44489347392265,69.1557960335658,9.035837811894519,1.9168889340362627,5.0,0.22167235217320808,31.78215193748474
8.612800773534579,139.3668959279356,8.934528820042013,7.317167484981563,3.0,4.107825191113079e-15,0.21729111671447754
50.21200067549313,42.9971391017404,3.5503809144258414,8.854332584671093,5.0,6.949970896521826e-07,0.9625489711761475
31.589624402703087,27.816102148542114,0.47488280044512,2.237002079912931,3.0,7.674253402364513e-05,0.0230410099029541
31.457980030607537,28.292014423127153,9.22569290191641,8.180136135823771,5.0,0.00906063018484026,3.331824779510498
35.12895583048247,2.225580570146662,7.484486825051714,1.9261585405592518,1.0,0.4430405578341101,0.7740569114685059
64.6913613301784,36.72634695539552,7.449528099472328,4.7283724528033675,4.0,0.045692987643712865,2.9058310985565186
58.66131209143863,97.03264388772993,1.6828508277723586,4.112615478948491,5.0,5.606741672748419e-11,0.29212212562561035
36.08345856139843,43.64557051647274,4.042257620139397,3.325472788168511,3.0,0.0007065964282702333,0.4169132709503174
19.10820006431844,52.830289127172314,2.9504080147154434,4.905640686958989,2.0,2.9976021666180816e-15,0.06427693367004395
32.8776303147522,80.13765200412372,9.111475186042032,9.231494538748162,2.0,1.1213252548714081e-14,0.5489211082458496
12.375502383418446,60.17574850303784,6.869395535985965,9.068749086995872,4.0,1.876276911617217e-14,0.13486886024475098
55.552594366288865,16.270922579070646,6.698831152186099,3.037136971099983,1.0,0.04847375329392625,0.6619658470153809
71.60428220260103,1.0711957447198883,1.885569484058206,5.42552519349392,2.0,0.41333842440911583,0.14125609397888184
38.02380621082537,82.86267566165367,6.23327899714602,6.106783118701805,1.0,-1.554312234475219e-14,0.288956880569458
7.9901230087385695,114.98473072415763,4.926349166365053,8.09279522060715,4.0,7.771561172376096e-15,0.0986490249633789
17.855614455760684,40.96674876867519,1.6336623124852545,7.090529916971295,2.0,4.773959005888173e-15,0.05535626411437988
37.32745756269831,81.019616115357,6.762612041712437,8.230207954270274,4.0,8.061004089923844e-14,0.7568149566650391
60.44348675777851,34.623348457036116,2.446042452691468,2.315790086629744,3.0,0.03728445224800934,0.5323529243469238
78.26218347350036,67.61111134076313,7.012544577393502,3.404516283621316,5.0,0.04430116082259063,12.895295143127441
38.02646818509431,93.01218745936724,6.771141090127676,2.455220927998678,4.0,0.0016872686868177984,1.0211679935455322
80.11609095591257,53.635206367139496,4.580549351030414,4.220067647006607,2.0,3.5251491789616774e-06,0.6456539630889893
62.29265100250914,130.11537123266731,1.7744790222104756,9.66361142489059,4.0,6.439293542825908e-15,0.21169614791870117
43.15935973306355,144.75688262038756,6.721327742857834,8.089428300528635,1.0,1.1102230246251565e-15,0.2784271240234375
37.24201442855916,13.340901153931073,1.6200554152143432,9.899846987539595,4.0,0.00026026717467366356,0.07748794555664062
49.61516019705206,102.20410885377092,2.292618771772452,2.220041655407703,1.0,-1.3322676295500484e-15,0.17804694175720215
70.28806605558738,42.83711728287998,5.153803932515036,3.6569283318219306,5.0,0.07618304461055378,5.297670125961304
42.0513897763856,134.98647012678117,6.6277579828293485,6.855168968955349,3.0,-5.1514348342607263e-14,1.5021209716796875
69.41232116393216,139.3975014417859,3.568012574680397,3.657549111127185,2.0,-3.508304757815492e-14,0.35912299156188965
46.083991242889425,117.43543976417834,9.116215981808981,7.9824803562243165,3.0,-1.389999226830696e-13,2.804046869277954
24.50832964379267,64.5031646714587,1.3221867448535252,0.30922281474874636,4.0,0.3379454375974127,0.09574103355407715
53.583738409050376,139.7370241242374,6.368239808079864,9.192299342515085,3.0,-5.417888360170764e-14,2.189626932144165
69.51691477738473,10.161390761257588,5.959754135267388,7.1076484481459925,3.0,0.1601467044053033,3.0728960037231445
7.158099713278809,21.13561716925034,6.982722383965058,4.0151032745958615,5.0,0.027547016107136446,0.2467949390411377
42.488854545683374,25.89753405356838,1.8475396374448572,8.559383313794516,2.0,-6.464217355695397e-16,0.07517695426940918
42.58550564226946,82.75056166079511,2.3382583416638703,9.501759612405872,5.0,-1.3322676295501878e-15,0.4165639877319336
87.96692865199924,50.89225552667801,3.4252058443109554,8.313934924807512,3.0,5.373494319424174e-11,1.4722540378570557
93.64840710577734,66.64971332930824,4.489996674960045,8.421879430215789,2.0,-8.215650376721227e-15,0.7776460647583008
37.42356968582528,93.32997303591462,4.163045299736703,0.4782526839105483,4.0,0.3348599024415184,0.5104877948760986
89.78541982105016,140.06282955900048,6.972294453394651,3.8819118414860143,2.0,3.4360936576113236e-15,1.8693327903747559
79.09168963905509,135.48089286022676,9.722028465034645,0.04774267265774568,3.0,0.7339937566139288,37.01469707489014
26.217972577699243,57.92854072735271,2.325681901470824,9.55644978884916,3.0,6.661338147750939e-16,0.14526987075805664
46.41432143044128,124.3981548333552,4.756652754549997,4.77545280515206,4.0,4.29486630754966e-15,0.5599520206451416
12.314604922430183,102.9303553445096,7.2177824581386325,1.3974718788396412,2.0,1.202019606668908e-07,0.0760660171508789
81.32217059398255,113.37275820906214,2.3672903668639034,2.655655915127557,5.0,0.00010469946888691182,1.0849719047546387
66.2289603425501,20.0929319352309,8.855511100099857,3.005484658892321,3.0,0.2574418201563814,5.928745985031128
88.73435000343588,93.78051662163921,2.0364387275771136,2.928370384212796,3.0,4.243375691735907e-08,0.43057918548583984
79.24693850906904,40.96966501510796,9.772364471211626,6.942471508564213,5.0,0.03555361699376743,31.12815499305725
66.75615765797305,9.988925340254406,1.067736698690629,1.6637449308405172,5.0,0.36156622922768583,0.16451787948608398
73.37351763128488,112.84420149354747,6.778903161092078,4.983850557856339,2.0,1.7763625395147684e-15,1.1620328426361084
56.38439545927295,30.516037133057072,3.9102915323344445,3.1781227029735595,4.0,0.08382121517088613,0.6986861228942871
10.313324489907016,5.760268328128815,8.230840239865882,2.9037657606176124,3.0,0.3450929830434748,0.20858025550842285
58.77587699635476,146.5271944708122,3.2051083907173403,0.7974962191622381,5.0,0.09191765460939941,1.6511149406433105
0.49012785669239056,74.75484464100798,0.3086068506627093,1.3769937824742529,2.0,8.326672684688674e-17,0.016533613204956055
14.351836022712494,70.28259294413711,7.149793906343297,0.08398584165193568,3.0,1.0865547661028256,0.6223742961883545
77.4304020320427,99.03108874447075,1.6548029973902367,1.0047622557662916,5.0,0.0709827963790851,0.7287850379943848
4.431286101942056,4.4859819119700886,2.5019344077666883,7.948453552207503,5.0,0.04012735160166743,0.10437417030334473
9.179887596012392,21.32040435836531,8.264078893124168,3.9240963366779056,1.0,3.136070952330388e-08,0.16152286529541016
9.929959222083495,28.447945198558333,5.305407325036157,8.568105983361713,4.0,1.6333449969380142e-10,0.0897221565246582
88.04679168444926,69.76455436208303,6.262017163637492,9.82339195985965,2.0,-9.99200722162317e-15,1.4405481815338135
17.915360495035692,8.595658417065222,7.981576850075643,0.5572374516377854,3.0,0.5149654797495122,1.7676401138305664
2.3487369280188686,18.66539308933336,4.840968932699794,9.205886147093032,2.0,1.0097659392678035e-29,0.020193099975585938
84.15355745874389,0.13756398202356412,3.527615643035934,0.5319294424034526,4.0,0.4946385554653876,0.7939667701721191
12.128347177406729,105.74118116110344,0.30737951852144896,4.402714961837274,4.0,1.9984014443252818e-15,0.028130769729614258
84.394325401706,35.90397266769848,8.189402138991555,0.18837085058736158,4.0,0.523352096362373,24.05503010749817
67.35347694301687,0.384498592542587,3.642742113181474,7.975310914861058,3.0,0.47225250557244886,1.8712749481201172
83.61819512870103,21.845774585725785,6.609520963686205,4.508792950513712,2.0,0.05126320908459777,1.796104907989502
95.24113184548528,111.29151256226011,1.7339553538625974,7.1607922474181604,4.0,-1.2212453270876722e-14,0.3478100299835205
57.90764190210559,92.44086803640177,1.2854568910427089,4.816709320005187,1.0,-1.9984014443252818e-15,0.1585102081298828
79.87472496091215,48.63245456036973,8.384181695500912,6.116052855997138,3.0,0.0007346793329989944,6.951920986175537
3.6269269855658592,3.9729016048991816,8.22027741363497,7.910182656819921,5.0,0.176019363686662,0.15768718719482422
76.74185377630393,112.3510324788078,2.905153459524695,1.8663703069226312,3.0,8.945313295178104e-05,0.7256550788879395
51.132574326550106,121.19566205374561,6.575870180377409,3.5476707836007684,1.0,1.432187701766452e-14,0.3244798183441162
71.51579278581234,49.89989325273031,4.641509107283691,8.465490692103707,4.0,5.37747494656725e-07,1.011667013168335
10.67436974828122,134.2849104964154,6.645883491932009,2.516623389414426,2.0,4.6629367034256575e-15,0.07610797882080078
74.8964921384405,119.19414524445455,1.767632103623723,5.943253593783897,1.0,-3.1086244689504383e-15,0.18538212776184082
93.45623445013135,2.055396058783643,2.590004191967142,1.816209914257123,5.0,0.4791406920274048,9.183045864105225
6.113949827937793,77.54831656760129,6.811950153276794,1.4098890785595353,3.0,4.0713590916663266e-05,0.08335280418395996
32.424686751829555,120.27341410835731,2.6429666073614397,7.255332471165179,5.0,1.021405182655144e-14,0.34202003479003906
56.39773471684917,35.66269577733958,9.224471879182854,2.044612801074658,2.0,0.126797243928431,1.5503981113433838
82.805933115883,98.78890022216797,4.928546339545675,5.05691121663174,1.0,2.3203661214665772e-14,0.3794100284576416
24.212606250010182,144.12830499406948,9.587911365497014,5.122507768057877,5.0,-1.0571905615938942e-13,2.045180082321167
17.97724414316779,123.22349656312326,0.04609201812590613,1.500239262525881,3.0,-8.881784197001252e-16,0.021381855010986328
24.996608089015695,67.74308546782281,6.735183867276614,7.040372578839485,3.0,-2.3758749658934952e-14,0.5019137859344482
61.59809805461269,20.095813547608817,8.549336801147986,8.544542837857593,1.0,5.198922558860488e-07,0.36966896057128906
75.3543309439895,51.52791496463397,3.8193330919109627,1.5317953356168157,2.0,0.041420780452099404,0.5776228904724121
39.372994939160364,132.03211642420698,7.656341766291025,4.477655795987724,5.0,4.63650555637769e-09,2.932119131088257
36.74713492352778,47.274235081346454,1.444826579187598,4.039437769408252,4.0,1.9416288923911296e-07,0.08293604850769043
39.663965954456316,89.63331246103236,6.814964085499916,6.409054450000524,5.0,1.9364887141436315e-09,2.647691011428833
35.028448370574935,128.21745306183175,2.598094069655269,0.1796489356071551,1.0,0.20747207241142188,0.27750682830810547
41.82176512950239,72.52491494829657,4.067567043412925,5.421402917309218,4.0,5.981395730402313e-10,0.2867879867553711
8.32604868361696,100.77132047191972,9.822329076212958,1.1416888467682962,3.0,0.001482831461710363,0.21786189079284668
50.03096106295592,41.540496983986536,1.1011032628415274,4.367900822304058,1.0,-1.3322676295501849e-15,0.15366411209106445
97.30564574114194,3.5097630979341488,2.5664347529172837,6.90812036869895,3.0,0.32831651155400804,1.2652380466461182
41.28313723474943,148.1794799036887,2.968262936335787,7.949473767191168,1.0,-2.886579864025407e-15,0.18718314170837402
74.74090007475857,143.78914715366184,0.19100462146101171,1.1649736313677261,3.0,-3.217811835925816e-15,0.027873992919921875
16.0620491320424,78.28866492991808,1.1597526269176206,1.4112844145477654,5.0,5.822548260998391e-05,0.04581928253173828
69.08381102115281,47.27973985062022,2.14886158258202,5.9844887891438905,5.0,3.7763048761256945e-05,0.7402181625366211
75.61160220192747,95.78278164997941,4.1223811543846525,0.17251663714912713,1.0,0.5520173377874951,0.6293177604675293
67.3855810790748,138.3774330006107,7.1954630116435245,9.763300676904795,1.0,7.327471962526033e-15,0.39890408515930176
51.70920765814139,67.49622876234139,7.321070430507409,7.658981376239598,5.0,2.257101044107378e-06,4.566741943359375
48.37208923412458,38.267431647257816,6.748581082242115,9.336074212685109,3.0,5.521289306950174e-08,1.5987920761108398
64.29530039508039,95.69038284648029,1.7918263719825045,1.0829449078677988,2.0,0.00022394322429131132,0.08745598793029785
89.74012947645423,39.936524330109734,8.451012617092742,8.914056035138886,4.0,0.0025426392212927027,7.171325922012329
14.932739855783705,51.44639375696537,7.565813937341629,6.768110949863448,5.0,4.468765699346112e-08,0.37360310554504395
9.586073084144553,133.94606875903813,7.563759285307241,9.705183372696181,2.0,2.6645352591003757e-15,0.10900306701660156
74.81548077128919,21.634534598387916,3.3433492945556886,1.942402276903057,5.0,0.32759331108158524,2.532473087310791
91.66143812137764,131.49083815931556,5.719875470125611,6.540574089392938,5.0,5.656921974480443e-11,9.40582823753357
51.725388281562935,35.86393017580688,5.1867242789989865,2.223606386067586,4.0,0.16168416905308033,1.063323974609375
44.30535255854443,101.06957611906712,7.8744608761061645,4.388825328362317,4.0,3.807910823454998e-07,1.0079090595245361
71.89106409110518,40.47898065722718,7.131267544363144,2.264800583144794,1.0,0.004369897643586942,0.7507128715515137
18.611103397819985,58.94180049788649,6.269587977096672,7.552344412223767,4.0,5.473080299726243e-15,0.17242002487182617
26.73573624495591,102.40329178728169,5.342723008485466,8.83797859113274,2.0,-2.886579864025407e-15,0.1735830307006836
19.91798367094635,19.842426561749697,4.341139131236869,4.471617232775705,5.0,0.05268399155523017,0.42786598205566406
58.56173151405027,76.21878630284695,9.186448239497022,3.298735304439886,4.0,0.011353032681167208,3.4135630130767822
31.48475284486203,7.474330502233251,1.3679175388106357,3.2770931114798305,2.0,0.07695866577242633,0.07945394515991211
23.23051754496318,105.14589836751054,2.880100699736955,3.454459130861318,2.0,-6.439293542825908e-15,0.0755770206451416
69.1132407918829,39.53811793846761,8.98583556340682,1.5392045658910558,1.0,0.06856116265763004,0.8873310089111328
95.34255547786893,88.51523352265461,4.552097901041368,2.4730186390060247,2.0,3.1048942215979465e-05,0.7682266235351562
29.58636333896594,65.90419830674169,1.499018007602978,0.7943517615526929,4.0,0.0667175996052,0.14678478240966797
70.53332914061407,85.30284616885861,5.866364984240169,0.8677099605855287,1.0,0.013649977355118303,0.6966509819030762
41.32006808759646,148.00687673186886,4.0105463965844805,6.576062454538494,5.0,-8.215650382226158e-15,0.9970369338989258
85.36394729060973,0.1888684358255177,5.593653413923436,1.4881113824438796,2.0,0.4934698774458897,1.1602940559387207
58.46483110171118,112.30913198346134,0.7279315635260897,8.345032848697329,5.0,9.2148511043888e-15,0.2190871238708496
26.71735203967178,130.82838929978547,6.524971267995942,0.5991671293636702,1.0,0.0003161018244611197,0.3510270118713379
21.760487785359707,119.18857456666872,5.944260010425722,8.270663293727441,4.0,3.3306690738754696e-16,0.293565034866333
2.312475642631673,30.30433978294555,9.395328472628348,3.265614387055642,5.0,0.000952610082427815,0.08500409126281738
47.94896155901014,7.649404790195047,7.5854485009452945,6.164110226345909,5.0,0.33272445415563656,5.192614316940308
38.27501028822675,0.8662407050645748,0.8176307434338093,9.142775536155742,4.0,0.3643714314588082,0.057832956314086914
17.224774189210635,52.094261416935566,0.5994264003308314,2.473769375570891,1.0,4.440892098500626e-16,0.033805131912231445
36.04703563364248,71.53797421076162,2.3493266783902857,7.561935919873619,1.0,-1.0658141036401503e-14,0.17913603782653809
32.204215588119354,105.70831820493626,2.32350798790226,0.8539346809407877,3.0,0.004595227845903756,0.20366406440734863
77.42045511588623,128.23937635470705,4.516350293012029,8.1887213999307,5.0,-1.0658140852516786e-13,4.187908887863159
14.361013038767068,72.39094489471454,1.734343682106455,5.692278339399155,4.0,-5.6621374255882984e-14,0.06801509857177734
99.12179313417658,53.90057855314209,9.89457217763632,3.703638571229363,4.0,0.08840260541468023,15.419693946838379
47.95898623875432,97.06100295879868,5.447468745820779,4.54384162093003,2.0,-2.2204458104352406e-15,0.39692091941833496
59.900064174649906,97.67981793132805,0.5387501495084746,1.0252930270450344,2.0,7.857869575559162e-09,0.01973700523376465
46.80529578068629,86.27304652653108,8.121460404164878,9.130168778617971,2.0,1.6431300764452317e-14,0.7821838855743408
83.46117355060187,8.99031256887829,2.8305039713542923,3.284877003661608,5.0,0.3658582597618721,2.2560181617736816
82.16151196688159,71.50038052333305,1.368650875411287,6.780799880545802,3.0,1.6542323066915643e-14,0.21636009216308594
55.71212472600505,94.74047647565872,7.891624242962612,4.984280732492875,5.0,4.8410706865801676e-05,6.131851673126221
48.12993183194805,10.085884506688448,8.693612760120592,0.012971495552048795,5.0,0.5156100106467111,41.30189228057861
72.07090189484845,146.61366205039465,8.504237150890637,4.868652339777098,1.0,-5.795364188543317e-14,0.4076831340789795
85.66489439275509,48.34883332728847,6.451685418449466,4.683323827037837,2.0,9.882503823511866e-05,1.2358372211456299
40.026230948504136,76.91315794864515,5.557166295442384,2.2006147566074286,3.0,0.0013524628866093593,0.9196679592132568
73.35884413261041,62.65726719084619,3.760853318083399,7.87910981473742,3.0,-5.061706616959171e-14,1.2661550045013428
96.02588716584917,119.07642547440969,5.42575023292167,8.00706377219446,2.0,6.283862319378386e-14,1.357469081878662
46.7395208112097,82.86092002168937,8.483267556671002,6.367945916507765,4.0,1.574291353401535e-08,1.4873149394989014
22.960150905690067,23.154916868903992,3.5507382514143693,0.9347428583316619,3.0,0.3155859352750002,0.19193196296691895
23.477872199006267,5.170997678365186,6.159486815490391,7.796954712820837,4.0,0.23606413680085614,0.39035701751708984
71.7688357661163,88.24617463085809,3.656039407638416,8.214319913070936,5.0,-4.02839494608458e-14,2.4618000984191895
67.53508155738137,58.608353347998786,5.055178844773094,3.980651093998735,5.0,0.013915733603959587,4.439895868301392
95.871469540426,99.9087841987043,2.985756253375058,2.9119833451100243,4.0,0.00014340150167471688,0.7872331142425537
85.38815100056858,137.40866666450444,8.026976127993997,1.4664407793649181,3.0,0.021716719457020014,8.627636194229126
24.209180392453323,64.83499980298504,3.1689670314021976,0.8517049992016412,1.0,0.00014876895576483037,0.14789772033691406
18.96231679305499,149.66605118527798,8.857526281702112,0.2984004761910586,1.0,0.08032139552801243,0.38132500648498535
25.862302733570154,98.80725349753848,3.0930388050306767,3.7094784576459547,1.0,-7.993605777301127e-15,0.15499520301818848
18.718574659457865,76.92252279505138,7.917324866810257,8.790451481421382,4.0,1.443289932016023e-14,0.3322780132293701
70.47343155379818,81.1782730968541,2.1576286635939423,2.788627104346543,2.0,3.429495698876118e-11,0.15356683731079102
85.85955652353132,121.74596439587968,3.166472055491737,0.6558891622878449,2.0,0.04418382725560453,0.5450482368469238
89.97599999142923,124.60406713198776,1.6217937144904626,4.676542833320982,1.0,1.4432899320127035e-14,0.17939996719360352
25.500793136439803,44.14917383645033,4.127240803556399,3.934596213070428,5.0,0.0021675087662540514,0.44440197944641113
86.50989386813505,33.50748395994622,8.129262428044196,5.8920534499413355,3.0,0.01921126845216405,8.96889591217041
31.34167580549946,41.58210884874924,8.074094807136126,1.3246751840292348,5.0,0.32804226762808864,2.6152307987213135
42.3295289955721,57.661895634723585,0.5598483238780227,6.606697250596888,3.0,2.8899105330992825e-13,0.07571005821228027
72.89684325374479,50.08327777652285,6.047096940326128,3.813427647947467,1.0,3.413805478085173e-09,0.3839681148529053
8.59254160371984,129.73013933398428,0.6830938477597892,3.6168482008592684,5.0,7.771561172376096e-16,0.04548501968383789
9.264233160149903,138.87991005177545,7.264830187843755,8.60433906458821,1.0,8.881784197001252e-16,0.07147026062011719
83.39291432034305,104.23836574687041,2.0638272581150776,1.6951791935461313,5.0,0.01052394981572953,1.1205718517303467
29.17633878896052,128.8126871752737,0.8545830547726818,9.339648325658068,1.0,-1.1102230246251565e-16,0.06297588348388672
35.66610846844087,74.49344483338741,3.3000495804870944,1.7708793452187288,1.0,2.5483531447562407e-12,0.16440486907958984
58.03000460125052,0.9620136468469431,3.5348616449111816,0.4857479480939264,5.0,0.4932659055886558,6.198799133300781
67.55073617148551,84.2443836331955,0.8342314397726969,6.017890972952777,4.0,-1.7763568394002503e-15,0.10066103935241699
0.6883695940555379,15.301209857482029,7.705092390196743,0.7632243491769963,4.0,0.6757098305311011,0.018364906311035156
33.48019371291221,28.67090799004128,4.683174893355541,9.232456858048435,1.0,-1.1768364061026658e-14,0.16924214363098145
43.622134163734074,141.08997097374677,4.283470045027585,3.002047477768617,5.0,1.1666471837790796e-07,1.105008840560913
48.59005293098561,132.86395322858826,3.847569578091885,1.286706714196555,5.0,0.01977889446720112,1.5861179828643799
21.009626719581696,46.97375819040352,5.280875183696196,7.252592717115373,5.0,5.662907487265615e-08,0.324404239654541
58.510539488769496,63.53956989008729,7.5580437984912,8.178557681113075,1.0,-1.4654943925052066e-14,0.3965291976928711
95.53373045473023,29.95781710490971,8.772092231971927,7.562285616363517,3.0,0.014293486664977723,14.799193859100342
39.09199992226466,27.418756305784214,4.970285728537409,0.5307393323214005,3.0,0.460438795006375,1.1940500736236572
54.43565347702323,125.80584895349183,7.323209520256933,6.991671589550073,3.0,-1.0724754417879011e-13,2.5246100425720215
11.917669984214596,131.1366139689816,4.990255483256742,6.878670753990804,3.0,-8.659739592076221e-15,0.15881776809692383
27.47612452227174,148.93247534084097,2.2078379310573992,8.800630209090412,1.0,9.992007221626409e-16,0.07085204124450684
66.54330524247978,70.08716018341025,9.753777126439282,9.998051570790253,5.0,7.875231413232879e-07,13.877961874008179
11.252900539650945,94.92014801082105,6.161829991731809,1.9897862244442566,2.0,1.1577245914271343e-13,0.07008719444274902
88.71890122255965,3.117675742397558,1.709311681515343,2.1199326829147025,2.0,0.41197783289759626,0.32060718536376953
90.87620023707179,55.11984245939938,2.716865170753917,1.6171233212403902,4.0,0.11877533859423423,0.8655860424041748
9.690565263992934,99.3343738493711,6.483141790240642,7.718708527996166,5.0,-2.2426505097428162e-14,0.2883012294769287
94.1287545119989,40.95937096085381,7.316437256836527,7.66170050187138,2.0,1.8205609692772883e-06,2.0200889110565186
37.422340868732576,37.76405045010706,1.162740438595865,7.772184771458476,3.0,-3.996802845075673e-15,0.08758091926574707
77.24192467960191,8.639225500651659,2.1306798437341232,2.5139933211105916,2.0,0.2540719449959691,0.2807161808013916
75.73233280361573,79.48725571020493,6.936599849335239,4.660292331307758,2.0,5.184712540914028e-10,1.1210229396820068
29.553402709142663,67.822775386883,6.912834266692748,7.446571738855916,5.0,1.8542204336892225e-09,1.3762600421905518
67.58871947971483,87.49956029920592,9.105053003115925,1.6218184008469017,1.0,0.0001280051988735604,0.40468907356262207
65.40783714072388,47.440067103221914,3.8216320976092613,3.1892862427992563,1.0,1.6485594839607274e-09,0.28627896308898926
80.60550005536548,84.23232582779896,1.8554884638336289,3.6677296664792545,1.0,1.84297022087776e-14,0.17997288703918457
26.55917414066633,92.94210964443657,7.480473292097576,4.031285641158508,2.0,1.1102371795658378e-15,0.21978116035461426
75.41896920237626,100.88262012050609,9.227720414411161,7.058247760774754,2.0,2.1094237506103e-15,2.2395660877227783
96.13263632247624,114.37937769955676,4.131334363151856,3.7270133137470305,5.0,0.00010106713582754516,5.014129161834717
67.28250501010368,73.0288632607505,5.636846412610552,5.709562238454201,4.0,3.1384517694055437e-06,1.3310191631317139
53.6167305154208,77.34527568066001,7.257735545179011,5.243870139534214,3.0,1.772798365197179e-08,2.07452392578125
11.329605182172608,12.058687558541624,0.4202880968799705,4.884653771598558,2.0,9.86444588854193e-11,0.01701807975769043
49.38807227364401,108.64455631612724,5.748052769651722,9.068854391005821,1.0,7.549516567451064e-15,0.2653310298919678
35.21577720308537,68.7002040209918,0.9201857773997724,8.021529216116795,4.0,4.440892098500626e-16,0.07765316963195801
71.80933080198142,123.27933704485714,0.5458397851478847,2.6346291695498025,1.0,6.661338147750939e-16,0.13281798362731934
67.85438413016048,107.03124890592245,5.05932142587338,0.14514182647052176,2.0,0.6375331411198304,1.9013168811798096
56.63914214243244,83.98545331957152,6.5222665099742185,6.740286331363439,3.0,-1.1653592405106253e-13,1.9419939517974854
18.19797876911936,1.5665503737507414,2.526653958911985,4.711858990995946,5.0,0.41623196075220475,0.32730579376220703
64.56678042575676,78.96970461086498,2.860150046357741,8.950385601333242,5.0,-4.040888780758062e-14,1.2254002094268799
63.08844398673021,148.4932731549985,4.502698254337672,2.10386476606205,1.0,-1.709743457922084e-14,0.2702651023864746
17.910442032500605,141.00544357478094,1.8573209103900223,9.001849752019456,1.0,-2.7755575615628914e-15,0.06439423561096191
88.99192506073605,42.16383045824253,7.599254728220394,0.8219827796986012,4.0,0.4240993404167512,12.897258043289185
65.53713117110563,129.56362115417164,8.85072984586418,7.795063519117824,1.0,-5.773159728050814e-15,0.4120960235595703
12.313082149785625,140.7387247278263,5.7178775524763426,9.737884058538116,3.0,7.771561172376096e-15,0.24964618682861328
93.1844082175056,118.57251465579834,2.710938793853981,4.60974456742326,5.0,3.1098149443896086e-09,2.169651985168457
14.138425082572159,124.82336743230823,5.1277321190020775,8.121519858424186,1.0,7.771561172376096e-16,0.1779170036315918
33.152991268767195,34.17588343995124,2.8802161668704143,4.082436905208739,4.0,0.0015894800228995086,0.16019201278686523
72.04773697971466,63.78806116154845,6.7790638513914105,1.3632479545122755,1.0,0.0065788474646757975,0.747636079788208
59.743279531700544,6.338326227373586,2.9724213214220008,2.7757850651892966,1.0,0.19137361122428234,0.343548059463501
55.49238272053473,89.75294700753332,6.922627103457746,0.2926559532630457,4.0,0.5277580372639454,4.488071918487549
64.74868073083678,70.0649635288425,1.6166443838116074,1.6904773826247932,1.0,2.017778676898009e-11,0.15716314315795898
45.77038547573423,31.282069499679494,0.6184278539780497,0.6436952097060111,5.0,0.2678749622245618,0.1534121036529541
31.24427257643002,103.22379924251761,6.1989818548661715,7.528250526340917,2.0,1.5432100042289676e-14,0.26822519302368164
17.63812281598681,6.282887311694174,1.913345645083514,8.764099974352469,4.0,0.024080467385319715,0.02199411392211914
6.859627446100802,127.91683685926472,8.169645467848385,4.353568186756494,3.0,-6.661338147750939e-16,0.13336801528930664
71.5835438528932,64.2893558864925,5.216308201665952,2.313733328938945,1.0,4.905600184441882e-07,0.3603830337524414
75.44804405698937,30.141341261573135,0.422667022526938,7.728930828959049,4.0,1.793148022292916e-13,0.026938199996948242
54.313512575520484,34.36394040192801,0.9091087756225635,8.057353935281888,4.0,2.4158437941903776e-13,0.08346319198608398
73.96387114513982,17.659135485404008,8.982838063130519,1.023313068630557,3.0,0.44887990483004814,19.43048071861267
35.92223457981246,45.43043849975292,6.271682429257577,8.002456351577113,2.0,7.218501567302484e-15,0.2761552333831787
26.584606819483014,89.23649953713934,0.391392623167367,4.222297164878004,3.0,-2.9976021664879227e-15,0.03232979774475098
38.337968329692494,21.619497228569763,1.370584342592741,0.9662874999502347,4.0,0.2871115069687953,0.13870596885681152
87.25401843825266,142.44561327108002,5.807978698043806,7.74482185199096,2.0,1.5765166949677223e-14,1.3131699562072754
4.211082666143017,131.0723635080756,4.4002935585681415,9.082403632210793,5.0,4.412497034422813e-10,0.20035624504089355
50.47117938940827,124.87333327958079,3.494295365939968,0.8990267141239372,5.0,0.09367343210193102,1.334054708480835
24.719629209820937,1.7672471858963867,7.284649296717182,4.767773874404818,5.0,0.4544132400598543,3.0594608783721924
76.89013817513077,77.0344673219083,7.109869039825433,9.77296876004865,3.0,-9.436741022179445e-14,4.494626045227051
35.41093682888767,8.090812577231343,1.2238291533286716,6.0434143134280305,2.0,0.0031092942855301285,0.05430006980895996
33.286263752760995,70.19850750540988,5.1461315301646415,5.543355668477261,2.0,2.8865798662771343e-15,0.22141003608703613
40.33388603346948,71.77420341791203,0.04782534100731484,2.7790930652795387,1.0,7.454505867488958e-75,0.023814916610717773
54.149812317755675,45.208730360685266,0.6542662338597272,4.815550398746888,4.0,1.7620480955656714e-11,0.027611970901489258
77.17103814276176,131.38093038733155,6.386646473112799,1.601417254879589,1.0,1.1176101075677504e-09,0.4053051471710205
35.28845645338724,23.57396744067506,6.260113952184731,9.289902426415836,4.0,0.0009040801903884898,0.5751690864562988
84.68836769136345,108.68066704077228,8.482939602683466,7.961839991623333,2.0,9.103828801926284e-15,2.2491157054901123
11.213088148521312,118.45610420437754,0.7139046217860623,4.631865896401824,3.0,9.992007221626409e-16,0.07195591926574707
27.048751406460113,114.43820641652952,8.652001531685332,7.219970035369783,3.0,-4.218847493575595e-14,1.077589988708496
9.964870424182571,144.36619660747286,4.2539119198883855,5.436004236456656,4.0,4.9960036108132044e-15,0.0947110652923584
11.268477562336997,53.756617236551854,3.917811344945843,8.558993643077722,2.0,3.3306690738754696e-15,0.06471395492553711
77.89830633248863,79.86549779131086,3.309861210226388,3.3992676111656617,4.0,0.00018505473279405087,0.6684091091156006
72.72893273241282,29.986260597369302,3.4188723365864537,0.33858464405156385,1.0,0.44283555958353654,0.5223379135131836
18.48459295792392,99.56820732830172,2.832404433543463,7.904454392563851,3.0,4.3298697960381105e-15,0.15429019927978516
18.916952287474096,11.306973531874458,2.5967862207731365,8.833153691995983,4.0,0.0017982863274244609,0.06812787055969238
41.665533684305224,67.4206354275808,6.820973112866149,9.719051330516175,5.0,3.095564777387622e-11,2.7540981769561768
74.33174505173024,140.6403748901041,4.042722563684141,0.14008377867059885,4.0,0.5772755176015583,3.0809717178344727
81.57481773451711,81.96986111268122,7.906934948799005,3.4806353918655306,4.0,0.008431295395959947,4.957021236419678
74.87004185354425,22.279697807230736,5.963723117371637,0.11917907243624071,5.0,0.5153026943035374,36.68921995162964
59.19162974349711,74.28194853795034,5.763964156378193,0.9021666553190177,3.0,0.20707825466332538,2.1868860721588135
14.647115662338162,34.404929131439054,1.8440890530620946,0.43047462358031696,5.0,0.4156949151462832,0.1472489833831787
39.84194233879121,61.15914927709317,3.265905742672308,7.526567428341526,5.0,2.5813524032829527e-11,0.6049470901489258
19.363844800531783,94.37153861132654,5.481368748420636,7.121368032438133,2.0,-3.1086244689504383e-15,0.10526418685913086
52.760121353217436,105.5081563047421,8.711465618875948,6.936514382421129,3.0,-5.107018294661812e-14,3.18723201751709
56.83682052708332,129.23013837305209,9.769167221709935,3.6639386624964985,5.0,0.0002602273845935024,9.673204898834229
20.207673213309498,47.90681600871804,2.5515762070463133,1.83445346034379,2.0,1.3527640137197774e-05,0.05508112907409668
25.015059388875827,87.96238382218043,4.3257405593356815,2.582381458449264,4.0,6.386968367894443e-06,0.12714290618896484
78.16629431621529,129.23112839623016,8.907865428745097,4.011671480237608,1.0,7.771561172376096e-15,0.4407191276550293
3.0087454932161806,146.91586219380636,9.617974173164342,5.431095860274715,4.0,3.1086244689504383e-15,0.08428382873535156
80.31564611556871,90.46659332757429,0.06683598974306149,7.071077935004334,2.0,-2.220446049250313e-16,0.05088686943054199
89.12001133503551,90.37985531860504,8.8653464796085,6.660972509218455,1.0,-7.105427357601002e-15,0.4263758659362793
94.93227959760397,26.701976916446103,4.500481451309026,6.339048015697731,2.0,0.0007215725192594049,0.6811981201171875
38.31463032658956,139.19875056491057,9.196229528770868,4.171479695295086,4.0,1.0446640295210447e-10,1.0745151042938232
55.26064031285331,132.08773407036642,1.0169387314139389,4.331465327346874,2.0,4.107825191113079e-15,0.07504701614379883
58.30566906154529,87.07921951681665,1.9507780895380145,3.7394380101213676,5.0,2.2246706331681769e-07,0.3931868076324463
63.36419023410741,87.80885624168103,4.5280717923532565,0.5902713205832488,1.0,0.040889405719700664,0.5093660354614258
97.69766742667433,44.198580849496416,8.997972595261654,2.1731868294667356,3.0,0.2002837219861435,17.419813871383667
68.66301350812817,140.62699457286232,0.7009842272577771,4.8023535248723555,1.0,1.5543122344752192e-15,0.1423349380493164
29.94035251118393,92.37716447103303,2.788172899724466,9.278184654620746,2.0,7.327471962526033e-15,0.10677194595336914
86.0010792818975,35.91461270235833,0.04209353294789442,6.407776552528198,5.0,2.7755575615628996e-15,0.029959917068481445
48.40721713764508,103.27717600702147,3.4990085201436907,3.2044858471894377,1.0,6.661338147750939e-16,0.1762828826904297
60.13639732486404,136.8577090670366,9.877552186375974,4.439533010291469,5.0,7.923856273420948e-06,11.515074014663696
72.68343838605283,148.13522145683956,5.353746130628245,1.6256185748253105,5.0,0.01985846169153939,6.316026926040649
0.2372891511639441,47.71556458898156,2.6731187190354397,0.7741934562470298,5.0,5.623294107578658e-05,0.01979804039001465
77.0456483632056,16.704580222899146,4.1518547645564,7.642166218964295,2.0,0.0027220962688437006,0.6317892074584961
66.19375663533508,141.9848239344165,3.7357148740076296,7.508981788496765,4.0,2.1871393585115584e-14,0.7963180541992188
49.18725428961803,45.07254309479525,1.0639707529293951,8.823004070235502,2.0,2.7755575615628914e-15,0.06449317932128906
52.3639691062421,31.290529961275563,6.37515576802725,5.2136991273466045,5.0,0.059610801142727654,4.23101806640625
46.05334490456211,149.6758256925699,5.687927447431909,3.882326663835798,5.0,8.784899387946159e-10,2.2550957202911377
19.343641983085792,143.45696209515864,2.4290670891112773,1.2770658154418801,5.0,1.5025117785349543e-05,0.12054681777954102
52.954791644134005,69.58678031299665,3.295020792757688,8.311503775240498,2.0,5.551115123125783e-15,0.22851896286010742
3.706226358356157,107.96870942141625,4.280371706824909,7.430277445436282,2.0,1.2501111257279263e-13,0.05855512619018555
50.04470417354104,8.790508170024125,3.9501419256122294,2.198847057482498,2.0,0.3065794203232857,0.306804895401001
64.59583487118076,43.589296273633614,0.32797457342057745,0.9540228632119974,5.0,0.06316472048933564,0.14364218711853027
44.4222242471379,47.91815348672395,3.6846901200132756,3.04159380085994,4.0,0.008645223557906397,0.42856812477111816
56.6004546606936,92.19871014575352,2.673738731305406,2.891287952852082,5.0,0.00012011627111302092,0.7181491851806641
